,label
2186,2
6819,1
6157,0
2462,0
4097,2
4830,2
8441,2
4669,2
2825,2
8309,2
1928,2
8023,1
8963,0
342,1
6273,0
8762,2
4732,2
761,0
2903,2
2176,2
1658,2
975,1
6417,1
7618,2
5089,2
3467,1
58,0
3567,2
8010,1
9247,1
2942,0
2266,2
1939,2
7366,2
1630,2
3412,1
5318,2
3230,2
4430,2
2317,2
3151,2
8166,2
635,2
7032,2
8303,2
7079,2
1940,2
7447,2
5432,2
4298,2
1635,2
499,2
4346,2
8653,2
3760,0
5956,2
973,1
3452,1
2732,2
8712,2
7329,2
8298,2
6593,2
411,0
3001,0
2345,2
2134,2
62,0
5764,0
5895,2
1257,2
1470,2
8051,1
2693,2
9505,2
5291,2
3541,1
7947,1
6065,2
7397,2
6736,0
6846,1
3616,2
2996,0
1362,2
1005,1
2648,2
5746,0
4242,2
1852,2
5395,2
846,0
1563,2
7996,1
4031,2
1303,2
702,2
9018,0
2852,2
4488,2
2497,2
8419,2
7905,1
1901,2
5543,2
4673,2
3965,2
7076,2
5573,0
7411,2
4140,2
4819,2
6976,2
7365,2
8281,2
4628,2
7334,2
5638,2
2236,1
1909,2
3244,2
4809,2
3261,0
3656,0
6933,1
3317,0
904,0
2202,2
858,0
3009,0
5529,2
7189,2
8639,2
7890,1
8031,1
2717,2
8199,2
3030,0
1697,2
5420,2
4730,2
4007,2
8088,1
8655,2
6675,0
5449,2
816,0
8428,2
3439,1
9406,1
7226,2
9193,1
6024,2
2052,2
5475,2
6782,1
7436,2
7587,2
5821,1
446,2
1138,2
4515,2
559,2
2640,2
1298,2
4335,2
4645,2
5685,2
3436,1
5148,2
8150,2
2779,2
4826,2
4581,2
1722,2
7602,2
8093,1
1390,2
1983,2
7826,1
7401,2
1513,2
2086,0
4558,2
4900,2
6129,2
2396,2
7816,1
9127,0
9027,0
1288,2
2947,0
212,1
8547,2
1904,2
8356,2
8987,0
6804,1
303,1
7625,2
7209,2
1262,2
1315,2
3547,1
69,0
4651,2
2217,2
944,1
2038,2
6387,1
6217,0
2663,2
6572,2
6859,1
2408,2
5462,2
5340,2
6340,1
6997,2
3351,0
8389,2
8875,2
3252,0
5301,2
7565,2
854,0
8473,2
1518,2
786,0
229,1
7480,2
8617,2
5935,2
1265,2
2363,2
409,0
2169,2
822,0
3927,2
3915,2
7368,2
1809,2
8321,2
7269,2
1474,2
5387,2
7494,2
6109,2
9327,1
1511,2
1465,2
4729,2
7852,1
5044,2
401,0
7229,2
5723,0
815,0
2803,2
2935,0
6119,2
7372,2
6814,1
9152,1
8288,2
3816,1
1641,2
818,0
4960,2
1164,2
9188,1
8352,2
8515,2
7121,2
3127,2
9173,1
727,2
181,1
6914,1
373,2
3320,0
5123,2
6425,1
7703,0
7375,2
5991,2
962,1
9518,2
1214,2
239,1
4319,2
2892,2
4142,2
8425,2
6113,2
1447,2
2387,2
6615,0
9144,1
833,0
2459,0
8317,2
7846,1
7213,2
5273,2
2973,0
60,0
7139,2
5699,2
8595,2
1613,2
8562,2
2205,2
3078,1
2359,2
6087,2
372,2
1922,2
7805,1
7964,1
1247,2
4850,2
1405,2
3083,1
1446,2
4029,2
3556,2
5091,2
1589,2
1702,2
4053,2
1935,2
3767,0
6270,0
193,1
6905,1
224,1
108,0
4367,2
6746,0
2542,2
6860,1
9441,1
8284,2
8657,2
5661,2
4401,2
4879,2
3414,1
1841,2
2005,2
4341,2
4330,2
5329,2
6557,2
4478,2
6043,2
5995,2
2461,0
9100,0
938,1
7345,2
7799,1
1700,2
678,2
900,0
1522,2
1364,2
4455,2
1974,2
976,1
5019,2
8783,2
3704,0
5276,2
6172,0
2700,2
3152,2
3358,1
656,2
3860,1
2271,2
1126,2
6674,0
1962,2
4289,2
4358,2
5690,2
9231,1
8344,2
8034,1
3098,1
7641,2
6264,0
3471,1
7936,1
493,2
1512,2
5537,2
7342,2
2638,2
1007,1
6008,2
7500,2
3724,0
791,0
756,0
2380,2
658,2
4167,2
4855,2
6923,1
6206,0
2679,2
5644,2
4675,2
9517,2
7453,2
5559,0
9218,1
2206,2
4851,2
8349,2
3119,2
3258,0
2934,0
5226,2
6677,0
3464,1
5024,2
3364,1
487,2
366,2
1463,2
4368,2
1422,2
7842,1
5908,2
2856,2
8689,2
6670,0
8682,2
2348,2
8539,2
605,2
7533,2
4376,2
4942,2
2508,2
6245,0
4847,2
7516,2
676,2
2728,2
5139,2
4831,2
8332,2
5737,0
509,2
5423,2
8249,2
5847,2
2198,2
6710,0
8306,2
8186,2
7596,2
5929,2
7588,2
3745,0
3440,1
9396,1
6995,2
3651,0
3120,2
1968,2
7001,2
8244,2
7716,0
4094,2
8225,2
2044,2
6028,2
7423,2
663,2
8820,2
9329,1
2110,2
2411,2
1727,2
5213,2
3237,2
7326,2
8307,2
4174,2
1568,2
7782,0
3390,1
1699,2
1154,2
8153,2
3282,0
3813,1
416,0
6202,0
9439,1
1708,2
5002,2
5555,0
1473,2
3982,2
5100,2
3921,2
7007,2
8557,2
3542,1
921,1
2221,0
3538,1
6122,2
3981,2
3714,0
1877,2
3265,0
4468,2
5063,2
5525,2
3116,1
336,1
9125,0
5243,2
1794,2
9061,0
4087,2
7362,2
4054,2
5842,2
5431,2
65,0
1872,2
773,0
5515,2
918,1
5713,2
4498,2
8819,2
4151,2
4636,2
8190,2
1918,2
8571,2
6888,1
699,2
9135,1
2218,2
1823,2
4766,2
7006,2
4963,2
5965,2
18,0
9166,1
6613,2
5539,2
6062,2
8275,2
3569,2
4370,2
8454,2
1300,2
2927,2
842,0
3014,0
6632,0
6151,2
8600,2
8267,2
7608,2
4615,2
5444,2
8432,2
8961,0
7222,2
4986,2
3371,1
4477,2
2522,2
4869,2
2250,2
7119,2
8341,2
9168,1
5576,0
9072,0
7376,2
5228,2
6689,0
9098,0
1460,2
6269,0
1457,2
6455,2
6735,0
5482,2
3823,1
6651,0
1862,2
1192,2
1112,2
2319,2
5236,2
6259,0
8115,1
696,2
7497,2
8107,1
6143,2
3378,1
2743,2
1428,2
8488,2
6033,2
355,1
4044,2
6690,0
6422,1
8292,2
5128,2
8942,0
2141,2
3888,2
882,0
8451,2
6007,2
1266,2
8228,2
7655,2
435,2
2390,2
6083,2
5045,2
276,1
7886,1
6845,1
4995,2
968,1
1371,2
7469,2
1307,2
8728,2
7978,1
1541,2
5284,2
5182,2
6882,1
3497,1
7015,2
8986,0
9462,1
3852,1
3310,0
9190,1
8085,1
6324,1
8065,1
1554,2
7867,1
3598,2
4216,2
4302,2
8794,2
3674,1
1966,2
9438,1
3591,2
6947,1
4885,2
9343,1
7168,2
5264,2
2933,0
1797,2
8327,2
2060,2
4240,2
604,2
8200,2
362,2
5645,2
2228,0
130,1
9079,0
7039,2
465,2
3478,1
5990,2
70,0
5053,2
7268,2
7532,2
4970,2
3045,1
5791,0
8079,1
1494,2
8594,2
4192,2
6201,0
4959,2
8485,2
7503,2
1213,2
834,0
6180,0
4674,2
4424,2
4874,2
7230,2
8540,2
4246,2
1137,2
7164,2
6547,2
5490,2
3948,2
8538,2
9315,1
7802,1
22,0
1268,2
1646,2
9395,1
8219,2
8958,0
2326,2
1228,2
4794,2
694,2
5728,0
4748,2
4625,2
1352,2
8811,2
6326,1
2223,0
6482,2
3043,1
7542,2
6071,2
4068,2
6684,0
3066,1
3,0
4122,2
3323,0
9160,1
5472,2
6250,0
865,0
1115,2
3143,2
74,0
2737,2
8884,2
220,1
8426,2
6364,1
8116,1
1471,2
1593,2
3220,2
8316,2
2842,2
2796,2
1964,2
7192,2
6457,2
1490,2
7986,1
8823,2
3871,1
6980,2
459,2
7790,0
4402,2
9493,2
8779,2
5448,2
1237,2
8732,2
5957,2
5752,0
3951,2
2011,2
9300,1
910,0
1159,2
8651,2
7471,2
8201,2
8297,2
3570,2
9299,1
1672,2
3749,0
23,0
2709,2
8613,2
7250,2
118,0
8507,2
4938,2
8021,1
7208,2
8369,2
5155,2
5102,2
4265,2
4278,2
2694,2
9303,1
8818,2
6541,2
3577,2
8202,2
6785,1
3564,2
5137,2
6803,1
4786,2
4780,2
4660,2
3271,0
3049,1
5735,0
7728,0
8994,0
1574,2
7504,2
2306,2
8424,2
1831,2
470,2
6458,2
6563,2
8510,2
4236,2
3642,0
6421,1
5743,0
4019,2
7312,2
8388,2
42,0
8009,1
3731,0
6523,2
1912,2
1619,2
1784,2
6578,2
8102,1
9367,1
6777,1
8282,2
5598,1
9217,1
7014,2
1012,1
4813,2
3521,1
5112,2
79,0
8796,2
5621,1
6647,0
3726,0
7722,0
2900,2
5438,2
6601,2
5560,0
7884,1
4578,2
8466,2
7360,2
2906,2
2136,2
7308,2
2889,2
769,0
5809,1
1355,2
2470,1
4066,2
5233,2
1600,2
5278,2
5263,2
9375,1
8679,2
1073,2
2932,0
978,1
3814,1
912,1
9016,0
8301,2
8968,0
6228,0
4113,2
1773,2
1368,2
5244,2
6902,1
9186,1
8194,2
2172,2
5707,2
4022,2
2410,2
1547,2
1313,2
1485,2
6343,1
1815,2
1267,2
909,0
8597,2
724,2
1843,2
8805,2
188,1
5918,2
2827,2
61,0
9158,1
8130,1
9039,0
7735,0
4637,2
3096,1
155,1
5507,2
7874,1
7307,2
400,0
8940,0
883,0
442,2
8472,2
3036,0
311,1
9513,2
5037,2
8036,1
5616,1
3058,1
5933,2
4952,2
2203,2
8950,0
4737,2
3376,1
6764,1
346,1
6681,0
4552,2
4754,2
8889,2
7018,2
2417,2
109,0
361,2
7427,2
8018,1
9068,0
1615,2
9354,1
8377,2
2831,2
7299,2
569,2
218,1
8793,2
9408,1
6029,2
4828,2
2685,2
1286,2
9509,2
4988,2
4795,2
1123,2
5298,2
3639,0
2521,2
1250,2
6659,0
2632,2
2550,2
8302,2
6235,0
5115,2
7603,2
8238,2
3496,1
547,2
1553,2
2656,2
7161,2
8752,2
5984,2
1897,2
4143,2
9430,1
9202,1
9528,2
8833,2
935,1
5061,2
1944,2
5173,2
2385,2
2230,0
1748,2
7869,1
8002,1
4928,2
8144,2
6227,0
3375,1
9295,1
3263,0
2812,2
2446,2
8964,0
4145,2
3955,2
4006,2
5380,2
8433,2
1285,2
7034,2
8577,2
9347,1
5590,1
7960,1
2138,2
9139,1
5684,2
2425,2
6770,1
4857,2
5033,2
8717,2
8160,2
9138,1
5469,2
7995,1
750,2
1821,2
216,1
8727,2
4458,2
2983,0
4767,2
8751,2
9476,2
1383,2
9321,1
4990,2
2823,2
8791,2
1219,2
6003,2
4797,2
6181,0
5625,2
8168,2
6408,1
5272,2
3379,1
7804,1
4206,2
5954,2
9118,0
3079,1
6809,1
6107,2
7232,2
5851,2
8912,2
8183,2
1853,2
1319,2
4765,2
9178,1
1254,2
8394,2
1058,1
9427,1
3764,0
3772,0
4560,2
8804,2
792,0
7489,2
2911,2
3075,1
5662,2
2850,2
3028,0
4778,2
1196,2
8294,2
1703,2
2174,2
6965,1
3101,1
279,1
2681,2
5149,2
9391,1
9195,1
4124,2
2556,2
5518,2
4061,2
5781,0
4014,2
4359,2
898,0
6470,2
3540,1
1688,2
8808,2
6539,2
8744,2
5981,2
3186,2
5602,1
7267,2
9103,0
8531,2
3603,2
6796,1
345,1
514,2
8846,2
6555,2
2614,2
7495,2
7629,2
4541,2
7163,2
8084,1
6252,0
5218,2
3858,1
4378,2
5574,0
4807,2
4128,2
6017,2
7463,2
2978,0
4966,2
2201,2
6823,1
6618,0
8258,2
3762,0
1598,2
1232,2
8697,2
4592,2
2069,2
970,1
864,0
7166,2
4621,2
2381,2
8178,2
6467,2
86,0
2323,2
3880,2
2956,0
8605,2
1753,2
7461,2
3229,2
1312,2
9341,1
9249,1
8904,2
2071,2
7985,1
3093,1
7338,2
2841,2
386,2
1148,2
7591,2
2347,2
4414,2
2234,1
4783,2
8161,2
4085,2
723,2
8615,2
7643,2
2128,2
3165,2
3525,1
5349,2
9145,1
6436,2
6678,0
3612,2
4135,2
123,0
2750,2
3509,1
4318,2
8184,2
9433,1
3516,1
2774,2
1603,2
441,2
7488,2
7543,2
7205,2
28,0
3184,2
4109,2
2352,2
6582,2
318,1
6772,1
5711,2
6597,2
3771,0
8271,2
3039,0
5564,0
512,2
5864,2
7063,2
1048,1
1895,2
5294,2
626,2
5556,0
568,2
4001,2
6061,2
4769,2
6104,2
8221,2
5464,2
2066,2
6149,2
5307,2
1591,2
8582,2
9435,1
5343,2
5072,2
2059,2
57,0
8380,2
8845,2
1503,2
6338,1
300,1
2772,2
8670,2
682,2
5297,2
1875,2
8871,2
8776,2
6174,0
1332,2
5806,1
8270,2
2847,2
6266,0
6864,1
6091,2
2993,0
1906,2
7470,2
4723,2
1181,2
8931,2
8189,2
7132,2
660,2
811,0
466,2
8977,0
250,1
6533,2
1724,2
8611,2
5050,2
3700,0
1224,2
595,2
2817,2
6047,2
5900,2
1840,2
8089,1
6050,2
7349,2
3392,1
5671,2
2279,2
3574,2
4681,2
2162,2
294,1
4153,2
3493,1
7658,2
6815,1
7216,2
1441,2
3140,2
3278,0
5,0
3386,1
7424,2
1572,2
602,2
101,0
2088,0
5635,2
7120,2
4820,2
4392,2
3308,0
5262,2
8863,2
7511,2
901,0
7819,1
4446,2
7384,2
1027,1
4464,2
2883,2
1146,2
8993,0
5175,2
6951,1
3653,0
2526,2
8572,2
3597,2
594,2
7046,2
8527,2
8898,2
4708,2
6070,2
949,1
2287,2
5508,2
4791,2
8007,1
9208,1
772,0
3234,2
8478,2
4968,2
1089,2
683,2
7040,2
4308,2
7202,2
6903,1
1740,2
1892,2
7638,2
3979,2
6513,2
5622,1
2991,0
6027,2
2458,0
2116,2
2562,2
1385,2
4460,2
2137,2
3972,2
4996,2
8650,2
5955,2
1466,2
4784,2
1597,2
9258,1
3790,0
1681,2
8310,2
9010,0
6672,0
4120,2
6970,1
5686,2
7333,2
6342,1
440,2
2682,2
6039,2
3557,2
6829,1
1617,2
1113,2
1685,2
9529,2
5396,2
4648,2
2057,2
742,2
8824,2
8685,2
1738,2
4545,2
6383,1
1107,2
9132,1
4337,2
3620,2
7581,2
7973,1
8047,1
3576,2
4572,2
4292,2
7352,2
327,1
6898,1
5544,2
642,2
1161,2
3138,2
5755,0
8008,1
5667,2
2419,2
6883,1
2819,2
4678,2
2064,2
1484,2
1440,2
4309,2
7183,2
8197,2
5001,2
236,1
3281,0
1604,2
7880,1
8437,2
3883,2
8997,0
5873,2
292,1
6969,1
824,0
5412,2
2194,2
3936,2
8500,2
8665,2
767,0
9082,0
5911,2
5675,2
4555,2
1122,2
6274,0
1647,2
3232,2
5031,2
7743,0
3459,1
3319,0
4658,2
3417,1
8334,2
8358,2
3736,0
2078,0
7984,1
3665,1
8526,2
1801,2
5126,2
8700,2
2854,2
4535,2
8420,2
8982,0
6971,1
1671,2
1173,2
2429,2
618,2
6718,0
5362,2
8372,2
5659,2
2388,2
4291,2
2254,2
7330,2
1081,2
5703,2
6205,0
6156,0
4888,2
7736,0
6447,2
1020,1
6644,0
8289,2
4432,2
3189,2
4665,2
5572,0
7042,2
8364,2
8453,2
9181,1
1260,2
5009,2
4249,2
4539,2
4281,2
1087,2
3492,1
6487,2
7434,2
4421,2
8593,2
7513,2
364,2
2131,2
5080,2
8928,2
8049,1
9260,1
2013,2
4593,2
4406,2
2658,2
9005,0
956,1
5400,2
7732,0
4436,2
6452,2
6440,2
735,2
847,0
7678,0
2509,2
6299,0
180,1
3117,1
8831,2
1227,2
7130,2
5133,2
379,2
3124,2
5656,2
4727,2
1584,2
2939,0
5947,2
9034,0
5052,2
7485,0
1742,2
2482,1
2594,2
3196,2
3018,0
1777,2
5852,2
8844,2
5794,0
3400,1
5234,2
6701,0
205,1
6395,1
6894,1
4099,2
3691,2
8203,2
4664,2
6094,2
9434,1
9440,1
226,1
6625,0
4486,2
2896,2
5614,1
3696,2
5818,1
1565,2
6097,2
6925,1
3105,1
1504,2
3330,0
7,0
97,0
8610,2
4895,2
7651,2
3415,1
6978,2
352,1
6844,1
2344,2
1562,2
9035,0
5528,2
7157,2
4154,2
7990,1
1732,2
2857,2
444,2
8105,1
6624,0
6731,0
624,2
4028,2
1949,2
729,2
7425,2
9432,1
3706,0
8305,2
2413,2
1548,2
3545,1
6291,0
6192,0
4338,2
3546,1
1468,2
3550,1
337,1
7531,2
1834,2
1717,2
1331,2
1252,2
8223,2
4164,2
2305,2
7403,2
1959,2
3611,2
5124,2
5829,2
575,2
6926,1
4837,2
6698,0
1755,2
7686,0
4537,2
3836,1
9514,2
5005,2
3613,2
1859,2
5141,2
6827,1
1916,2
3337,0
2752,2
430,1
2386,2
4522,2
6411,1
8663,2
4039,2
7444,2
67,0
5946,2
7733,0
4866,2
7419,2
7195,2
1135,2
4033,2
838,0
9405,1
2529,2
4002,2
4919,2
7721,0
5442,2
6155,0
3711,0
1606,2
3276,0
8285,2
3354,0
5384,2
2798,2
3845,1
4591,2
449,2
8058,1
2180,2
2519,2
6687,0
4328,2
2763,2
3710,0
7359,2
4182,2
8602,2
9215,1
8972,0
7052,2
9301,1
2899,2
2465,1
4544,2
5551,2
2704,2
4822,2
7577,2
4332,2
2659,2
9236,1
2032,2
807,0
9486,2
5417,2
3369,1
1824,2
5073,2
6774,1
2368,2
1787,2
4224,2
1188,2
7060,2
1387,2
1726,2
1710,2
3426,1
4838,2
8882,2
9500,2
6191,0
4551,2
5968,2
6968,1
4015,2
4403,2
8634,2
6762,1
1037,1
8055,1
7959,1
7856,1
5948,2
6237,0
9199,1
2909,2
2512,2
9499,2
2093,0
991,1
1624,2
4383,2
8893,2
3217,2
9357,1
2252,2
358,2
4559,2
5527,2
7361,2
4749,2
3389,1
4880,2
8750,2
7777,0
5605,1
6863,1
8029,1
820,0
8929,2
6759,0
9069,0
7661,2
2233,1
1256,2
8308,2
9214,1
6414,1
5250,2
3448,1
980,1
9164,1
2026,2
1669,2
7182,2
501,2
1246,2
8154,2
3551,1
1498,2
2731,2
2875,2
4073,2
1609,2
5742,0
9169,1
1334,2
6198,0
1269,2
5721,0
6402,1
2845,2
8333,2
6391,1
5943,2
6068,2
7895,1
1400,2
1295,2
1763,2
2645,2
5317,2
1216,2
2145,2
2133,2
3095,1
6872,1
6791,1
7245,2
389,2
2204,2
2597,2
4187,2
1169,2
3438,1
9276,1
533,2
4215,2
8550,2
3913,2
8386,2
4671,2
2499,2
7274,2
8544,2
6966,1
3499,1
5795,0
4336,2
6604,2
6765,1
2488,2
137,1
1673,2
4448,2
48,0
8932,2
632,2
6649,0
3294,0
2771,2
3391,1
9431,1
8681,2
3920,2
4118,2
4045,2
9001,0
2789,2
556,2
4863,2
5799,1
7141,2
2219,2
9099,0
6798,1
5840,2
2432,2
3817,1
728,2
9088,0
2907,2
2859,2
3473,1
4393,2
913,1
4313,2
4589,2
957,1
2179,2
7514,2
857,0
1780,2
1785,2
8925,2
1594,2
9271,1
6720,0
7731,0
7902,1
397,0
5120,2
395,0
7527,2
1855,2
9448,1
8465,2
2954,0
8052,1
2591,2
2480,1
939,1
8057,1
7634,2
1043,1
6344,1
1771,2
2112,2
4918,2
9085,0
3469,1
7378,2
1109,2
5111,2
3451,1
4905,2
8025,1
1705,2
8648,2
6339,1
1140,2
437,2
6706,0
5321,2
7357,2
1293,2
2024,2
3694,2
6697,0
2122,2
952,1
7534,2
1610,2
3182,2
3829,1
1129,2
7051,2
2294,2
4709,2
1828,2
105,0
6789,1
6901,1
2970,0
1972,2
7560,2
1157,2
9149,1
9539,2
8816,2
8654,2
998,1
4149,2
4955,2
655,2
3678,1
4563,2
3842,1
5502,2
4728,2
8469,2
7879,1
4611,2
6683,0
1197,2
4848,2
6337,1
794,0
8283,2
7864,1
1444,2
7483,0
6779,1
3326,0
1023,1
3668,1
7133,2
7233,2
3287,0
552,2
31,0
4805,2
4052,2
1552,2
8734,2
2118,2
5853,2
3402,1
5184,2
8991,0
5580,1
5786,0
8848,2
7012,2
8204,2
8314,2
5797,0
7569,2
5500,2
1919,2
7898,1
7224,2
1900,2
4843,2
9108,0
2655,2
6800,1
2753,2
2375,2
6315,1
7482,0
214,1
8643,2
4475,2
3461,1
6756,0
3878,1
7727,0
3054,1
7923,1
6048,2
3931,2
3703,0
3357,1
3563,2
7155,2
6207,0
3114,1
5503,2
4676,2
1292,2
8095,1
5367,2
4882,2
1529,2
4842,2
8585,2
246,1
5762,0
4824,2
1200,2
7215,2
5354,2
5758,0
264,1
8100,1
6430,1
3728,0
9506,2
3260,0
4810,2
7092,2
8901,2
9239,1
3938,2
567,2
2149,2
4670,2
1452,2
3592,2
5204,2
965,1
1171,2
1057,1
7097,2
3502,1
7647,2
5055,2
3458,1
1561,2
9116,0
3073,1
1407,2
2303,2
4042,2
6904,1
4426,2
5668,2
4662,2
2540,2
819,0
2507,2
3761,0
5628,2
1648,2
1084,2
5768,0
6619,0
2576,2
281,1
6309,1
1015,1
972,1
2579,2
7882,1
1240,2
8421,2
5749,0
1680,2
6738,0
5192,2
6214,0
8043,1
6158,0
9091,0
6233,0
5672,2
4619,2
8476,2
8145,2
476,2
2548,2
1199,2
8773,2
166,1
2506,2
4634,2
9290,1
2004,2
8795,2
8646,2
653,2
5701,2
3939,2
6360,1
8817,2
3590,2
100,0
8355,2
9062,0
9477,2
2210,2
1520,2
7521,2
8631,2
4753,2
5765,0
9155,1
3228,2
7749,0
6999,2
1683,2
6313,1
5554,2
8319,2
408,0
5359,2
9183,1
1472,2
4518,2
6775,1
5481,2
7528,2
7100,2
2100,1
185,1
6703,0
3477,1
5125,2
2960,0
1620,2
4067,2
4131,2
3827,1
233,1
8757,2
9060,0
2513,2
513,2
6817,1
177,1
6236,0
3778,0
6276,0
8559,2
6742,0
7197,2
2524,2
6924,1
340,1
3255,0
1781,2
8220,2
6612,2
4789,2
3264,0
6146,2
3395,1
7551,2
6303,1
8169,2
8861,2
3983,2
8880,2
2775,2
6438,2
8998,0
1696,2
6267,0
203,1
5216,2
6551,2
7653,2
3102,1
3784,0
6416,1
6446,2
6884,1
485,2
6700,0
3684,2
1905,2
9119,0
1863,2
3624,2
2196,2
1569,2
8215,2
6842,1
96,0
7863,1
8455,2
2926,2
8475,2
4463,2
4659,2
1621,2
6990,2
5877,2
1066,1
934,1
5021,2
3092,1
6186,0
6002,2
7987,1
5300,2
8841,2
3365,1
7933,1
7971,1
133,1
7509,2
5196,2
7498,2
4950,2
153,1
3681,1
3976,2
6078,2
4238,2
1493,2
2631,2
1016,1
3721,0
5018,2
5673,2
4536,2
8487,2
1575,2
5579,1
1839,2
714,2
801,0
107,0
849,0
8442,2
4610,2
4881,2
8529,2
8815,2
1825,2
6650,0
8400,2
8852,2
2689,2
8821,2
869,0
9003,0
5787,0
2626,2
960,1
1479,2
6658,0
5460,2
8627,2
27,0
3077,1
3841,1
8588,2
2278,2
8101,1
5484,2
8092,1
932,1
669,2
6316,1
3837,1
1808,2
369,2
1929,2
6477,2
2397,2
3804,0
3746,0
3456,1
6595,2
5704,2
8313,2
743,2
4740,2
8033,1
8406,2
4663,2
1807,2
7567,2
895,0
9407,1
3367,1
7977,1
4466,2
4534,2
2214,2
8411,2
1061,1
1193,2
9308,1
11,0
1186,2
6335,1
4509,2
4582,2
7737,0
455,2
469,2
2833,2
9033,0
2478,1
5058,2
8573,2
531,2
8870,2
7203,2
1105,2
8118,1
191,1
6464,2
2666,2
7129,2
8205,2
8733,2
8626,2
6037,2
306,1
5176,2
7592,2
5143,2
4961,2
1636,2
1090,2
3245,2
2489,2
6085,2
2153,2
9424,1
2874,2
4656,2
5533,2
201,1
4076,2
631,2
2065,2
2572,2
3334,0
6286,0
7613,2
4856,2
8849,2
7670,0
4568,2
7374,2
1040,1
7589,2
3769,0
1884,2
2437,2
7151,2
3385,1
3070,1
5606,1
6768,1
7547,2
8813,2
5506,2
8015,1
405,0
4614,2
2339,2
3373,1
2968,0
8885,2
1289,2
7622,2
4711,2
7422,2
7839,1
2675,2
2751,2
1019,1
585,2
4624,2
9074,0
3031,0
3839,1
7723,0
9417,1
5607,1
8558,2
3460,1
9176,1
9378,1
2549,2
5440,2
9248,1
272,1
1736,2
1678,2
6530,2
1296,2
4788,2
914,1
7648,2
9026,0
8173,2
7420,2
119,0
3519,1
8915,2
7027,2
3450,1
8784,2
202,1
987,1
6867,1
5154,2
1175,2
7850,1
6099,2
3381,1
2578,2
3437,1
765,0
6993,2
5584,1
1275,2
3527,1
4718,2
1111,2
194,1
4546,2
6361,1
3161,2
6780,1
6984,2
7069,2
6082,2
6258,0
7992,1
3250,0
7282,2
1011,1
1674,2
2997,0
262,1
8459,2
4150,2
3246,2
6991,2
2504,2
2784,2
5612,1
661,2
9333,1
1075,2
5138,2
6492,2
3154,2
8703,2
7217,2
7806,1
2158,2
3963,2
1044,1
6862,1
2340,2
7454,2
9368,1
2990,0
4602,2
6964,1
843,0
3216,2
7487,2
3717,0
9272,1
1167,2
7140,2
7094,2
7339,2
71,0
7667,0
5521,2
4520,2
6415,1
6401,1
221,1
2415,2
5771,0
2124,2
6792,1
2012,2
7929,1
2921,2
5609,1
6874,1
2577,2
6359,1
8119,1
3046,1
1886,2
8370,2
2104,2
2822,2
2916,2
6638,0
4982,2
3793,0
5961,2
4441,2
1668,2
9371,1
625,2
3685,2
6451,2
1060,1
3163,2
6297,0
3856,1
4105,2
2170,2
5227,2
4668,2
6871,1
2241,1
3964,2
6745,0
1560,2
5631,2
3203,2
6592,2
8139,1
8843,2
6317,1
1555,2
428,1
3032,0
4230,2
4583,2
6975,2
8122,1
2811,2
8623,2
5306,2
6118,2
7772,0
2619,2
3944,2
474,2
371,2
4626,2
9492,2
744,2
75,0
3462,1
3632,0
2969,0
6760,0
2008,2
8920,2
8686,2
1718,2
6853,1
5834,2
7649,2
8137,1
2444,2
9361,1
746,2
3904,2
3781,0
8064,1
6579,2
8592,2
6219,0
2268,2
249,1
1220,2
7650,2
8351,2
422,1
6744,0
2037,2
4532,2
8530,2
6858,1
6407,1
4456,2
9078,0
925,1
4926,2
8198,2
5642,2
3670,1
2748,2
4009,2
3443,1
2652,2
3269,0
6406,1
1551,2
1889,2
7159,2
959,1
7937,1
862,0
6536,2
2378,2
8902,2
6148,2
1745,2
9398,1
5269,2
8743,2
4276,2
9480,2
1870,2
1791,2
2361,2
497,2
5495,2
6567,2
8973,0
5950,2
9535,2
7862,1
6525,2
3730,0
5478,2
7909,1
719,2
6257,0
3472,1
7583,2
6449,2
4922,2
63,0
5860,2
8295,2
5994,2
3215,2
2592,2
2951,0
964,1
558,2
2330,2
6705,0
2135,2
905,0
6350,1
3422,1
1290,2
1654,2
8764,2
7090,2
5889,2
9353,1
5774,0
7696,0
7833,1
503,2
8324,2
7541,2
9117,0
1751,2
475,2
322,1
3384,1
7475,2
3135,2
7110,2
3484,1
6208,0
9228,1
6248,0
2780,2
2258,2
1858,2
4428,2
2121,2
771,0
752,0
6637,0
7172,2
5822,1
7188,2
44,0
1166,2
5524,2
863,0
6296,0
7394,2
5169,2
2828,2
6635,0
8726,2
3157,2
5230,2
4283,2
6067,2
3606,2
9306,1
2688,2
5896,2
1464,2
6825,1
6249,0
9376,1
8894,2
2094,0
5411,2
6499,2
4316,2
924,1
6528,2
6868,1
1321,2
2677,2
1873,2
7997,1
6931,1
4274,2
3166,2
2292,2
6661,0
4998,2
7190,2
586,2
7452,2
6466,2
2392,2
3897,2
1883,2
9281,1
6463,2
6954,1
3533,1
6892,1
3421,1
7966,1
2611,2
5897,2
2565,2
2479,1
3969,2
6410,1
3204,2
5756,0
9197,1
1426,2
9007,0
6126,2
7847,1
228,1
3355,0
8555,2
7256,2
7154,2
8583,2
6876,1
1098,2
1505,2
7021,2
984,1
5760,0
1258,2
7586,2
5293,2
5915,2
8066,1
9094,0
2665,2
9459,1
9038,0
8385,2
4588,2
4777,2
9013,0
7178,2
517,2
9533,2
5770,0
5064,2
8622,2
1649,2
6405,1
2711,2
6088,2
5414,2
2298,2
9205,1
5042,2
7871,1
9384,1
1141,2
1497,2
5992,2
8247,2
2493,2
7429,2
6319,1
8715,2
6427,1
3312,0
7637,2
2702,2
1276,2
697,2
3934,2
681,2
1163,2
8581,2
8864,2
8780,2
3619,2
1544,2
5856,2
8721,2
2164,2
8737,2
7176,2
2447,2
3801,0
7525,2
2404,2
8357,2
8274,2
4548,2
4620,2
8063,1
2189,2
506,2
8706,2
5835,2
6175,0
2824,2
1014,1
7865,1
6488,2
7656,2
6996,2
6000,2
3490,1
2111,2
8362,2
5859,2
1191,2
1435,2
1429,2
3339,0
1567,2
3356,1
616,2
6398,1
9444,1
6478,2
2837,2
5878,2
2523,2
3652,0
6366,1
884,0
2379,2
2567,2
7540,2
392,2
2081,2
2606,2
7780,0
1837,2
5647,2
2604,2
1389,2
9222,1
2485,2
1775,2
8708,2
2019,2
4132,2
7010,2
1734,2
4442,2
7346,2
2101,1
7796,1
4334,2
7149,2
1008,1
5534,2
1128,2
5516,2
2590,2
4299,2
6051,2
1960,2
1502,2
6263,0
5434,2
9262,1
6011,2
4661,2
6312,1
9370,1
8666,2
6281,0
7843,1
1419,2
4443,2
7220,2
3815,1
1570,2
6412,1
1311,2
1911,2
3754,0
2613,2
347,1
4065,2
9170,1
4608,2
4832,2
453,2
1386,2
8378,2
6434,1
7866,1
890,0
6426,1
3723,0
2472,1
4257,2
106,0
3876,1
3863,1
1521,2
3636,0
7029,2
9437,1
1957,2
7104,2
2738,2
3090,1
3870,1
1341,2
4917,2
5333,2
4571,2
7031,2
3641,0
2376,2
2699,2
4162,2
7558,2
6630,0
4524,2
424,1
6222,0
3125,2
2056,2
8136,1
4294,2
8110,1
5585,1
5004,2
3912,2
8897,2
4762,2
776,0
3006,0
7517,2
1183,2
8781,2
1064,1
6728,0
7210,2
7212,2
6566,2
6445,2
434,2
4731,2
899,0
8876,2
5624,2
3787,0
3465,1
8837,2
1397,2
6084,2
1975,2
8621,2
2338,2
7870,1
7771,0
1691,2
793,0
4098,2
2669,2
4871,2
7763,0
6741,0
8978,0
6959,1
6956,1
7742,0
9201,1
7834,1
278,1
8004,1
1261,2
7883,1
6441,2
6105,2
7315,2
6077,2
6368,1
2571,2
8785,2
4388,2
3585,2
1631,2
5105,2
8191,2
5010,2
5437,2
8135,1
6491,2
1719,2
1025,1
6052,2
6570,2
7294,2
3034,0
7196,2
3587,2
9542,2
8873,2
4891,2
5336,2
5949,2
1134,2
4185,2
8949,0
301,1
1582,2
6949,1
3718,0
2937,0
1998,2
5231,2
7181,2
1663,2
5240,2
2904,2
2800,2
4839,2
9504,2
8141,2
1177,2
7958,1
4860,2
7011,2
2394,2
5736,0
3517,1
6490,2
1996,2
762,0
9520,2
2633,2
9147,1
9355,1
7111,2
6843,1
2941,0
3132,2
7016,2
8477,2
1788,2
2031,2
7724,0
5999,2
4646,2
1756,2
4041,2
111,0
393,2
8892,2
6753,0
104,0
8584,2
6885,1
2487,2
9163,1
3221,2
8909,2
955,1
4574,2
2554,2
8132,1
5295,2
5016,2
8315,2
2871,2
3005,0
698,2
1885,2
5552,2
6952,1
7260,2
5341,2
7408,2
7710,0
3495,1
1376,2
5825,1
4944,2
5819,1
9141,1
6321,1
2412,2
1208,2
4704,2
8409,2
3433,1
2443,2
3239,2
5623,1
5209,2
1195,2
7620,2
5487,2
9498,2
3638,0
5436,2
3786,0
576,2
3604,2
3800,0
5418,2
7033,2
2543,2
928,1
8683,2
930,1
6558,2
3198,2
6822,1
3822,1
3753,0
9453,1
8521,2
3498,1
4405,2
5065,2
5901,2
6542,2
6481,2
2403,2
9241,1
1733,2
3167,2
144,1
9004,0
741,2
2893,2
7751,0
4333,2
7324,2
2723,2
2999,0
8772,2
4689,2
7321,2
4188,2
599,2
2184,2
9015,0
7099,2
396,0
2757,2
1131,2
6540,2
4903,2
1379,2
2061,2
2783,2
1414,2
3042,1
3128,2
3987,2
6431,1
5131,2
6584,2
4251,2
2406,2
6345,1
8253,2
4356,2
2792,2
5303,2
8006,1
5973,2
6392,1
1535,2
1847,2
6711,0
2316,2
5939,2
1869,2
8254,2
1639,2
113,0
7067,2
4779,2
8375,2
2358,2
417,0
68,0
8399,2
2661,2
6035,2
2664,2
686,2
51,0
6215,0
8185,2
9257,1
4423,2
504,2
2222,0
2910,2
518,2
129,1
6526,2
8022,1
80,0
4271,2
4719,2
1424,2
6507,2
5790,0
8859,2
2405,2
2644,2
2541,2
255,1
9077,0
4752,2
2574,2
2256,2
3770,0
1176,2
8216,2
7921,1
7994,1
391,2
9220,1
7353,2
4497,2
9154,1
2235,1
6654,0
3398,1
1666,2
7049,2
3479,1
1495,2
2575,2
4244,2
6475,2
1042,1
5039,2
8724,2
2190,2
3370,1
5116,2
3508,1
2227,0
6365,1
6380,1
3621,2
2583,2
4408,2
3806,0
483,2
3943,2
4687,2
1956,2
2830,2
6260,0
7523,2
3698,0
1369,2
3640,0
1509,2
9510,2
4169,2
9081,0
5732,0
6921,1
8921,2
9095,0
6833,1
1391,2
4682,2
5925,2
7718,0
4887,2
2505,2
3341,0
8579,2
4275,2
7255,2
1999,2
6685,0
2439,2
5285,2
5439,2
958,1
7574,2
3126,2
7446,2
9065,0
665,2
3416,1
4345,2
5601,1
3782,0
4093,2
9381,1
2302,2
3279,0
1201,2
4040,2
2984,0
1744,2
7185,2
2790,2
1320,2
1486,2
6428,1
6599,2
7414,2
7904,1
5858,2
5535,2
1882,2
3106,1
5030,2
3697,0
4650,2
472,2
1588,2
6152,2
6519,2
563,2
2139,2
5761,0
3137,2
8235,2
9337,1
5626,2
9131,1
9469,1
9161,1
2074,0
2650,2
5207,2
6751,0
766,0
7627,2
3309,0
5463,2
5808,1
5353,2
6805,1
5172,2
4146,2
3573,2
4521,2
3112,1
720,2
4285,2
8916,2
7666,0
8799,2
2028,2
4861,2
6641,0
1842,2
1754,2
8966,0
5316,2
5324,2
3007,0
5751,0
525,2
4239,2
7013,2
2049,2
4279,2
3970,2
9319,1
2765,2
2054,2
7654,2
573,2
7616,2
4381,2
6419,1
3857,1
8261,2
868,0
835,0
7779,0
9198,1
5874,2
7005,2
7335,2
6794,1
2291,2
5600,1
5800,1
3766,0
6239,0
6247,0
4247,2
5682,2
8382,2
876,0
5051,2
4726,2
1627,2
10,0
4410,2
2901,2
4774,2
7756,0
3113,1
7644,2
4529,2
5692,2
2762,2
2730,2
3280,0
2000,2
7351,2
3109,1
2401,2
524,2
8777,2
2255,2
9326,1
5558,0
8234,2
1607,2
8255,2
923,1
4056,2
4870,2
8482,2
92,0
1399,2
4920,2
8342,2
2384,2
2325,2
4030,2
2155,2
5823,1
2040,2
1402,2
1790,2
5025,2
1322,2
3183,2
7492,2
433,2
6459,2
8106,1
5766,0
8758,2
8056,1
7679,0
7538,2
8676,2
9184,1
4412,2
326,1
880,0
7004,2
4647,2
414,0
9109,0
6958,1
5085,2
1546,2
887,0
7087,2
5693,2
8268,2
3575,2
6469,2
4496,2
608,2
6840,1
713,2
7373,2
693,2
739,2
7331,2
7050,2
2713,2
9055,0
703,2
7673,0
8632,2
9484,2
9418,1
2418,2
7619,2
6726,0
7791,0
3454,1
1459,2
9350,1
9426,1
3626,2
77,0
565,2
3664,1
46,0
4233,2
6986,2
5456,2
4892,2
5691,2
4991,2
6167,0
527,2
3615,2
5832,2
5147,2
2068,2
2105,2
3315,0
7707,0
6327,1
4252,2
8045,1
5986,2
244,1
6714,0
4868,2
4980,2
2985,0
9455,1
7859,1
8019,1
7218,2
8748,2
7645,2
2393,2
7832,1
6967,1
1093,2
4471,2
7085,2
3917,2
7390,2
4259,2
8541,2
270,1
8709,2
5861,2
1961,2
5788,0
3861,1
1874,2
8262,2
1151,2
4700,2
8878,2
9237,1
2098,1
5027,2
8782,2
5159,2
940,1
8353,2
919,1
1829,2
4915,2
7258,2
6881,1
6587,2
5724,0
6940,1
8096,1
643,2
55,0
1496,2
4951,2
2148,2
6310,1
9162,1
1190,2
4617,2
830,0
5962,2
2070,2
7117,2
7550,2
8256,2
8117,1
5114,2
4138,2
1868,2
9233,1
6472,2
2058,2
4100,2
7970,1
2696,2
1217,2
6945,1
7236,2
7318,2
5912,2
3289,0
2814,2
2270,2
7965,1
99,0
3818,1
2891,2
8408,2
7479,2
5777,0
760,0
5351,2
5680,2
2602,2
4567,2
1136,2
8210,2
5070,2
3021,0
56,0
3286,0
6821,1
496,2
5191,2
6989,2
5150,2
5157,2
6897,1
3145,2
5357,2
1761,2
6642,0
43,0
8146,2
6836,1
3935,2
3053,1
3466,1
232,1
5408,2
5850,2
199,1
2595,2
5934,2
3052,1
8016,1
911,0
2477,1
7103,2
1143,2
9516,2
8711,2
2428,2
520,2
1326,2
2759,2
2873,2
768,0
6394,1
5282,2
9051,0
3107,1
3067,1
8503,2
1896,2
821,0
8740,2
4382,2
9021,0
5376,2
1340,2
8071,1
3080,1
8625,2
6571,2
855,0
6042,2
7225,2
5188,2
7369,2
6778,1
8766,2
7557,2
1417,2
1731,2
6521,2
9204,1
7680,0
4543,2
222,1
2767,2
3942,2
4205,2
1982,2
8273,2
1080,2
7692,0
2402,2
551,2
2053,2
1238,2
2457,0
668,2
1709,2
8490,2
6169,0
3277,0
647,2
6271,0
5613,1
7358,2
5923,2
2400,2
3911,2
2600,2
7928,1
1814,2
2016,2
1339,2
4562,2
1890,2
6348,1
6505,2
5750,0
7993,1
6079,2
9318,1
2919,2
664,2
7240,2
4692,2
4858,2
757,0
2608,2
5916,2
3275,0
2668,2
2671,2
3523,1
9031,0
5959,2
6816,1
1477,2
3693,2
9442,1
6170,0
9340,1
7580,2
7382,2
6552,2
7116,2
6144,2
837,0
5944,2
1796,2
6265,0
3064,1
5979,2
3654,0
3689,2
4280,2
5888,2
2243,1
1194,2
522,2
4385,2
3872,1
367,2
3044,1
5681,2
4738,2
328,1
488,2
3796,0
4876,2
902,0
6081,2
275,1
982,1
6373,1
2527,2
5802,1
2902,2
4924,2
6607,2
7599,2
8339,2
3900,2
7952,1
8725,2
5425,2
1970,2
8523,2
5174,2
4314,2
2741,2
298,1
9523,2
1833,2
541,2
3959,2
3807,0
5805,1
3798,0
7409,2
6433,1
2264,2
8068,1
7412,2
3755,0
9511,2
4453,2
5092,2
7633,2
5185,2
7831,1
259,1
3361,1
5084,2
3082,1
330,1
941,1
2171,2
5311,2
141,1
906,0
5666,2
5545,2
6916,1
6573,2
5738,0
8457,2
4204,2
410,0
5104,2
5731,0
5719,0
6053,2
9342,1
1345,2
8919,2
2849,2
2864,2
5386,2
7184,2
7570,2
6985,2
273,1
5734,0
4872,2
3849,1
1336,2
7812,1
1670,2
9253,1
4254,2
3866,1
1423,2
4705,2
287,1
1029,1
4,0
2076,0
9259,1
7522,2
4957,2
8775,2
2884,2
5433,2
2014,2
4434,2
1984,2
1866,2
5421,2
1501,2
3000,0
1798,2
9124,0
1481,2
4207,2
9386,1
4818,2
770,0
2377,2
473,2
4060,2
3404,1
1223,2
3214,2
1633,2
1130,2
1967,2
3297,0
1694,2
519,2
3788,0
7428,2
41,0
4751,2
2125,2
9373,1
489,2
8936,2
4688,2
3267,0
8435,2
125,0
4804,2
6064,2
4579,2
5356,2
7951,1
1324,2
17,0
5695,2
9075,0
5848,2
7064,2
3633,0
452,2
2242,1
937,1
3181,2
7278,2
5594,1
1442,2
6242,0
3313,0
5865,2
7502,2
6142,2
1092,2
6527,2
2653,2
2029,2
6663,0
5582,1
7147,2
2229,0
3382,1
310,1
1759,2
480,2
1915,2
3020,0
9325,1
494,2
731,2
3406,1
832,0
5905,1
4245,2
675,2
5229,2
3262,0
6031,2
2533,2
2127,2
6190,0
344,1
836,0
2495,2
4825,2
544,2
2829,2
7108,2
6877,1
2805,2
2642,2
7235,2
6682,0
8990,0
1622,2
6591,2
5649,2
6489,2
8224,2
9212,1
8067,1
1035,1
4958,2
2015,2
4503,2
9385,1
9536,2
5459,2
8768,2
3530,1
8957,0
381,2
6163,0
5975,2
4761,2
7319,2
1205,2
2756,2
1499,2
8014,1
2067,2
1867,2
6568,2
2920,2
4374,2
4454,2
3321,0
9129,1
545,2
2360,2
4649,2
8851,2
6195,0
9053,0
7179,2
1746,2
2676,2
1880,2
402,0
3831,1
39,0
447,2
6790,1
5985,2
4992,2
2885,2
4101,2
1454,2
738,2
561,2
8854,2
8888,2
6500,2
8196,2
3188,2
2102,1
9366,1
3669,1
6621,0
6275,0
1958,2
9244,1
1408,2
7441,2
2341,2
1179,2
3708,0
2815,2
610,2
1936,2
8484,2
2802,2
7146,2
2034,2
7636,2
967,1
7948,1
5827,1
528,2
4301,2
3908,2
3589,2
1160,2
5252,2
5163,2
3025,0
9414,1
1124,2
1861,2
5047,2
7237,2
8158,2
5211,2
7972,1
6502,2
4444,2
4225,2
3482,1
2820,2
5715,2
6847,1
3854,1
5868,2
4706,2
6729,0
4618,2
6220,0
1652,2
2456,0
8242,2
7956,1
5040,2
7300,2
6030,2
6943,1
1844,2
7306,2
8395,2
1860,2
3468,1
4570,2
8246,2
3084,1
8039,1
2534,2
4927,2
4473,2
3298,0
5486,2
2925,2
378,2
1695,2
5181,2
689,2
4449,2
1281,2
2994,0
5587,1
1045,1
7642,2
2089,0
7980,1
5069,2
404,0
6341,1
3750,0
5202,2
293,1
2936,0
3794,0
9189,1
3041,1
4787,2
7406,2
6231,0
2469,1
178,1
5248,2
3554,2
2315,2
3899,2
9174,1
8480,2
8252,2
2957,0
9402,1
903,0
297,1
4554,2
5375,2
8535,2
3747,0
19,0
5978,2
169,1
5314,2
45,0
3296,0
2232,1
4248,2
7760,0
6378,1
7169,2
813,0
8458,2
167,1
3505,1
6089,2
7688,0
5338,2
6848,1
8842,2
7695,0
7683,0
2238,1
1059,1
8556,2
8619,2
263,1
6334,1
9277,1
6385,1
5541,2
2199,2
375,2
8005,1
7451,2
7684,0
6560,2
4312,2
8335,2
6209,0
4179,2
1277,2
8415,2
4576,2
7364,2
5974,2
6212,0
1564,2
2962,0
4744,2
6941,1
7512,2
560,2
2355,2
7367,2
9123,0
4353,2
9049,0
6295,0
7822,1
2108,2
16,0
5520,2
7327,2
8516,2
2500,2
4011,2
211,1
6810,1
9298,1
6103,2
1116,2
6725,0
5883,2
806,0
2944,0
3193,2
1030,1
5936,2
1765,2
3941,2
4901,2
5630,2
8640,2
3555,2
4993,2
8346,2
6356,1
9128,0
2366,2
3968,2
2915,2
7690,0
6722,0
5056,2
4063,2
8877,2
897,0
1514,2
4802,2
1395,2
8976,0
271,1
5078,2
4121,2
8061,1
6517,2
8704,2
966,1
644,2
4550,2
7193,2
5370,2
5000,2
574,2
7295,2
6054,2
174,1
6655,0
5200,2
1443,2
607,2
2460,0
2262,2
7935,1
564,2
1437,2
9525,2
4008,2
2605,2
1366,2
8959,0
6767,1
7275,2
6465,2
4046,2
3506,1
5497,2
7450,2
945,1
3572,2
1142,2
1353,2
7484,0
1095,2
8675,2
6357,1
8054,1
3875,1
7433,2
929,1
8566,2
7221,2
7976,1
7621,2
1354,2
2043,2
1377,2
1343,2
2923,2
7081,2
2420,2
4419,2
8053,1
3594,2
1981,2
5687,2
845,0
9230,1
158,1
3463,1
9282,1
7241,2
3885,2
3722,0
3327,0
9087,0
5714,2
2683,2
2096,0
4322,2
4429,2
7002,2
9246,1
8264,2
1241,2
6040,2
6093,2
566,2
6384,1
8836,2
9280,1
2629,2
9422,1
2483,1
8716,2
3729,0
387,2
4906,2
457,2
7170,2
5454,2
9070,0
8170,2
6887,1
4025,2
2426,2
9105,0
9495,2
2320,2
1938,2
3727,0
5162,2
3916,2
3441,1
4062,2
6994,2
8439,2
3560,2
7017,2
5997,2
12,0
8360,2
3283,0
3928,2
5097,2
5767,0
6727,0
1795,2
52,0
3699,0
9030,0
7991,1
5633,2
1592,2
4155,2
4853,2
2853,2
8211,2
5034,2
8134,1
2715,2
8379,2
4226,2
425,1
2706,2
8612,2
9279,1
7043,2
4873,2
8969,0
2544,2
1187,2
1221,2
2776,2
5592,1
3089,1
2173,2
6694,0
6147,2
7309,2
994,1
5363,2
3209,2
9383,1
2455,0
9017,0
7968,1
6112,2
3828,1
8206,2
812,0
3894,2
9470,1
4369,2
4211,2
490,2
9234,1
8661,2
8345,2
636,2
1539,2
7438,2
8767,2
9387,1
9382,1
3646,0
1478,2
1125,2
5313,2
4196,2
5335,2
6456,2
853,0
5843,2
716,2
6495,2
1990,2
5026,2
1804,2
9472,1
1476,2
1665,2
4427,2
2321,2
8180,2
7508,2
7077,2
2257,2
582,2
8934,2
7606,2
2532,2
4398,2
936,1
3877,1
3962,2
1287,2
8524,2
988,1
4107,2
432,1
5093,2
7715,0
4397,2
6298,0
2364,2
4594,2
267,1
25,0
1226,2
6025,2
8698,2
537,2
3059,1
1537,2
4523,2
7024,2
2670,2
5971,2
464,2
2463,0
4260,2
1533,2
6716,0
7711,0
8789,2
7943,1
131,1
3914,2
8300,2
7377,2
7148,2
1317,2
6983,2
6748,0
3420,1
1750,2
5917,2
5740,0
329,1
8452,2
1145,2
3047,1
8647,2
4457,2
9134,1
9058,0
6165,0
4768,2
2322,2
8152,2
5388,2
7734,0
6733,0
7198,2
4893,2
6561,2
4352,2
4499,2
2585,2
9090,0
5784,0
1527,2
1101,2
1410,2
7747,0
2931,0
3393,1
3405,1
2553,2
38,0
4375,2
6166,0
9413,1
3926,2
6795,1
8359,2
3023,0
5029,2
7758,0
8133,1
6723,0
8083,1
3368,1
2654,2
875,0
3956,2
2949,0
8416,2
7211,2
6277,0
8318,2
5571,0
1279,2
3600,2
4387,2
8736,2
9287,1
5641,2
4181,2
6802,1
1677,2
6646,0
5926,2
2622,2
7665,2
3855,1
2712,2
3834,1
5615,1
7788,0
3967,2
2144,2
8265,2
4978,2
7989,1
248,1
2586,2
8099,1
2181,2
1117,2
4971,2
1579,2
4527,2
4300,2
943,1
4587,2
6280,0
9317,1
7128,2
1398,2
6474,2
1817,2
2724,2
5158,2
9401,1
6590,2
825,0
8533,2
1488,2
7057,2
3065,1
8868,2
8098,1
7490,2
7746,0
5627,2
1458,2
3660,0
6182,0
4941,2
7553,2
4433,2
5378,2
7276,2
8171,2
5215,2
9292,1
8462,2
2646,2
8857,2
3661,1
3867,1
6837,1
3397,1
2557,2
4012,2
1013,1
3648,0
5410,2
3453,1
6758,0
4823,2
2165,2
2673,2
4000,2
2157,2
6294,0
7286,2
7841,1
1480,2
7238,2
8774,2
7797,1
5326,2
5654,2
774,0
7828,1
4304,2
4157,2
4344,2
2369,2
592,2
6049,2
88,0
283,1
3896,2
6598,2
1249,2
6602,2
979,1
195,1
1550,2
3713,0
2166,2
7825,1
7775,0
309,1
7107,2
2948,0
5447,2
1026,1
8769,2
8233,2
230,1
7138,2
5589,1
6696,0
7706,0
7413,2
2,0
7759,0
6080,2
8181,2
5103,2
4484,2
7162,2
5465,2
2365,2
5745,0
3659,0
7877,1
7824,1
9285,1
8028,1
7272,2
6907,1
3174,2
3658,0
5385,2
1010,1
3022,0
7083,2
5676,2
7535,2
4176,2
650,2
4613,2
6626,0
4010,2
9121,0
7505,2
6656,0
3333,0
3257,0
2867,2
840,0
8230,2
4363,2
9294,1
6849,1
778,0
4208,2
2370,2
734,2
4565,2
9356,1
5451,2
2009,2
8155,2
9046,0
9311,1
1878,2
7835,1
8121,1
6535,2
2515,2
7783,0
688,2
8070,1
6178,0
9289,1
2440,2
1856,2
3100,1
6938,1
6977,2
2882,2
6117,2
3483,1
1500,2
170,1
3843,1
2531,2
3024,0
4269,2
6268,0
1971,2
3063,1
2838,2
5952,2
2191,2
3434,1
3247,2
2337,2
394,2
5322,2
8850,2
50,0
1540,2
8692,2
7626,2
6133,2
4108,2
8545,2
8363,2
3164,2
7887,1
6807,1
3413,1
1235,2
2247,2
7741,0
5435,2
2407,2
1108,2
9273,1
3156,2
4556,2
4102,2
8365,2
1282,2
5067,2
9482,2
1000,1
5921,2
7248,2
427,1
305,1
4605,2
2454,0
6285,0
8404,2
135,1
4096,2
1077,2
6393,1
3480,1
1835,2
304,1
7795,0
8245,2
4103,2
315,1
4034,2
8554,2
2050,2
66,0
8498,2
2988,0
4561,2
8671,2
4051,2
5815,1
3923,2
2374,2
9156,1
3155,2
3133,2
6636,0
7762,0
7635,2
5371,2
9171,1
6771,1
5183,2
4547,2
9037,0
9229,1
5650,2
120,0
4514,2
8446,2
3500,1
4935,2
5151,2
2027,2
7328,2
3219,2
4195,2
981,1
3316,0
6640,0
947,1
3227,2
1752,2
9421,1
4263,2
3709,0
82,0
1800,2
359,2
6396,1
3248,2
1931,2
5536,2
1094,2
6069,2
6549,2
6012,2
286,1
4644,2
7177,2
6256,0
4939,2
7214,2
5483,2
1739,2
8511,2
6320,1
5792,0
4972,2
9140,1
6851,1
4407,2
2617,2
7114,2
1625,2
8730,2
9508,2
2687,2
3340,0
529,2
1483,2
5837,2
3004,0
4193,2
9261,1
2589,2
3910,2
4864,2
1360,2
1920,2
117,0
7945,1
2967,0
1263,2
4633,2
9167,1
7861,1
6066,2
4981,2
2986,0
4904,2
7881,1
4884,2
7563,2
732,2
3783,0
1508,2
5302,2
9187,1
2244,2
1067,1
1661,2
2987,0
5844,2
5267,2
7061,2
2481,1
9028,0
7095,2
6737,0
6460,2
4542,2
1526,2
9270,1
9362,1
2424,2
3243,2
2006,2
753,0
7998,1
3765,0
4037,2
9336,1
7026,2
6866,1
1925,2
8835,2
4415,2
7259,2
1766,2
1121,2
870,0
8765,2
3111,1
380,2
3637,0
1735,2
6972,1
951,1
2033,2
7554,2
7047,2
7757,0
6763,1
7568,2
4425,2
1946,2
1132,2
1168,2
5970,2
3447,1
3372,1
8062,1
1309,2
6232,0
3520,1
6944,1
5261,2
3173,2
6221,0
15,0
5562,0
6332,1
4511,2
584,2
6006,2
2324,2
6086,2
5884,2
5679,2
3997,2
8167,2
2342,2
1571,2
9011,0
5890,2
7975,1
4018,2
6005,2
3331,0
1517,2
6347,1
9320,1
5479,2
7765,0
5461,2
7070,2
712,2
4772,2
2818,2
3091,1
950,1
1586,2
3212,2
3146,2
8391,2
1209,2
7389,2
5881,2
780,0
384,2
8179,2
5640,2
5983,2
2356,2
83,0
173,1
8044,1
2486,2
5366,2
196,1
289,1
6754,0
6808,1
826,0
7940,1
2599,2
2861,2
6721,0
9175,1
84,0
8586,2
1543,2
8323,2
7207,2
398,0
2468,1
2109,2
4934,2
8886,2
9445,1
3179,2
4933,2
989,1
8390,2
1052,1
6522,2
8384,2
321,1
715,2
7685,0
619,2
5648,2
8492,2
5146,2
7873,1
6569,2
4513,2
1716,2
1675,2
2734,2
5108,2
8103,1
5496,2
4604,2
808,0
9157,1
115,0
3645,0
5583,1
507,2
5109,2
3503,1
4080,2
931,1
6131,2
6769,1
7767,0
1730,2
4713,2
1225,2
7955,1
7086,2
1351,2
7080,2
9106,0
3919,2
4983,2
3881,2
6034,2
238,1
8608,2
6355,1
8985,0
915,1
4020,2
718,2
3176,2
9209,1
3773,0
6098,2
1994,2
7038,2
878,0
7071,2
3819,1
6857,1
789,0
1283,2
3060,1
6900,1
235,1
8883,2
3824,1
4630,2
2998,0
8945,0
5246,2
2451,2
2623,2
657,2
8329,2
2746,2
6200,0
4540,2
4064,2
1074,2
8259,2
1185,2
4722,2
9467,1
7519,2
1259,2
7474,2
4652,2
6930,1
8371,2
8243,2
515,2
8232,2
6443,2
462,2
8348,2
7549,2
7774,0
5634,2
5705,2
2331,2
6937,1
2879,2
8596,2
8798,2
6554,2
6927,1
3584,2
8741,2
6899,1
5409,2
5553,2
2382,2
7702,0
4152,2
9502,2
740,2
266,1
1689,2
4347,2
4790,2
1337,2
7786,0
7137,2
8988,0
3666,1
8867,2
8072,1
443,2
7601,2
4483,2
3605,2
7769,0
3692,2
2758,2
2143,2
6889,1
5733,0
8553,2
2598,2
6691,0
1980,2
8860,2
274,1
4695,2
4255,2
2736,2
5812,1
5473,2
4287,2
629,2
1927,2
5513,2
8881,2
6110,2
5304,2
2801,2
1056,1
4736,2
612,2
2773,2
2964,0
1251,2
4043,2
5542,2
450,2
3884,2
7660,2
6596,2
5312,2
4964,2
7855,1
9264,1
3202,2
1987,2
3562,2
1913,2
2240,1
2106,2
2593,2
6895,1
2282,2
6957,1
2253,2
5249,2
2869,2
2442,2
5930,2
4222,2
809,0
3380,1
1645,2
4844,2
8222,2
3695,2
4404,2
6,0
1367,2
7025,2
1850,2
7611,2
2995,0
8248,2
6948,1
9374,1
4173,2
5049,2
9063,0
498,2
5804,1
848,0
609,2
3172,2
6473,2
5759,0
7868,1
59,0
6162,0
8759,2
210,1
2559,2
6503,2
8658,2
9207,1
5299,2
3272,0
1806,2
7949,1
6092,2
2525,2
5565,0
1945,2
9446,1
638,2
852,0
8396,2
7257,2
9428,1
4815,2
9153,1
8497,2
4470,2
4417,2
9335,1
5922,2
1350,2
3862,1
5305,2
7544,2
116,0
6060,2
5608,1
8368,2
6835,1
3457,1
8240,2
1701,2
2441,2
8493,2
2476,1
2806,2
4653,2
4641,2
484,2
5989,2
7101,2
6240,0
7473,2
7421,2
4538,2
8312,2
3719,0
3349,0
4759,2
7821,1
1462,2
7288,2
3906,2
3074,1
6018,2
2079,0
6912,1
1523,2
30,0
7348,2
8486,2
8413,2
6161,0
7363,2
6255,0
4177,2
8714,2
4462,2
7462,2
5023,2
5523,2
6372,1
9084,0
1425,2
8534,2
6575,2
5798,0
5885,2
4599,2
7893,1
2625,2
539,2
8081,1
4329,2
1549,2
7766,0
543,2
5048,2
2881,2
6346,1
2466,1
2421,2
633,2
277,1
7800,1
6878,1
29,0
2538,2
1079,2
3195,2
7507,2
8423,2
4004,2
2981,0
2245,2
5549,2
969,1
620,2
671,2
8801,2
6553,2
2587,2
1308,2
3335,0
9252,1
7837,1
7290,2
1965,2
3686,2
6963,1
6585,2
4508,2
1758,2
6058,2
7439,2
1760,2
2503,2
491,2
7579,2
841,0
5413,2
6824,1
6657,0
4492,2
2246,2
3150,2
3799,0
7407,2
7458,2
9479,2
4956,2
172,1
7630,2
49,0
7053,2
1264,2
7712,0
4878,2
916,1
1590,2
1723,2
4440,2
8148,2
2564,2
8471,2
1382,2
3980,2
2142,2
5140,2
7180,2
4564,2
9122,0
639,2
4557,2
5611,1
2175,2
9059,0
8266,2
2624,2
3789,0
4077,2
8159,2
5237,2
8645,2
581,2
6138,2
3607,2
4945,2
8918,2
6950,1
2745,2
3978,2
254,1
9112,0
139,1
1640,2
6145,2
7609,2
755,0
1566,2
8035,1
9394,1
7206,2
3175,2
700,2
2301,2
234,1
7962,1
8322,2
3068,1
1039,1
3307,0
9023,0
3985,2
5399,2
6831,1
572,2
502,2
6529,2
9404,1
160,1
7827,1
3293,0
5839,2
7590,2
338,1
5205,2
4461,2
8209,2
2816,2
3487,1
3534,1
908,0
4746,2
4584,2
6749,0
7296,2
3038,0
3879,2
4256,2
7135,2
7691,0
4305,2
6251,0
6498,2
7464,2
4482,2
5526,2
3285,0
9223,1
9423,1
3016,0
1356,2
7289,2
4677,2
6544,2
6628,0
8038,1
5748,0
896,0
1629,2
9344,1
4840,2
5924,2
5132,2
8279,2
6955,1
8575,2
426,1
6197,0
3488,1
3586,2
9182,1
6504,2
5610,1
3702,0
5886,2
1301,2
999,1
245,1
4091,2
73,0
8376,2
3087,1
8286,2
8508,2
5113,2
5969,2
4270,2
1304,2
3408,1
3536,1
550,2
5910,2
2692,2
1803,2
7922,1
1306,2
7082,2
6476,2
492,2
377,2
9471,1
8518,2
4095,2
9142,1
7252,2
4400,2
691,2
8032,1
2150,2
5369,2
3311,0
4631,2
6680,0
1034,1
7416,2
1776,2
7604,2
4505,2
8970,0
8011,1
8786,2
6516,2
5290,2
2596,2
3142,2
451,2
4566,2
859,0
5489,2
623,2
4910,2
8331,2
747,2
2877,2
2766,2
2760,2
8636,2
7988,1
3208,2
8129,1
6134,2
5328,2
7191,2
2908,2
8467,2
6861,1
1556,2
72,0
3231,2
3481,1
8862,2
1792,2
7853,1
6589,2
3676,1
7153,2
7055,2
2848,2
7028,2
436,2
9101,0
6605,2
587,2
2547,2
4172,2
8601,2
6461,2
500,2
4092,2
6918,1
157,1
4733,2
2097,0
6695,0
6225,0
4136,2
1182,2
4806,2
5342,2
3797,0
4437,2
7623,2
3999,2
5522,2
2839,2
1051,1
3268,0
189,1
2725,2
2918,2
8856,2
521,2
1346,2
9503,2
5708,2
2414,2
889,0
5060,2
6603,2
5796,0
1618,2
5698,2
7426,2
8939,0
6611,2
1581,2
2651,2
7311,2
6038,2
6979,2
4785,2
1104,2
7443,2
577,2
8656,2
5403,2
5958,2
269,1
5095,2
1577,2
5617,1
7744,0
2863,2
1879,2
6179,0
5373,2
2099,1
2269,2
257,1
413,0
3185,2
706,2
3552,1
5062,2
2560,2
3136,2
3383,1
2178,2
3017,0
4489,2
76,0
4835,2
8906,2
5509,2
2275,2
5639,2
1580,2
3683,1
1420,2
6101,2
7564,2
5404,2
8797,2
4510,2
3387,1
8980,0
5789,0
2786,2
6548,2
4936,2
5629,2
1976,2
8638,2
2085,0
2851,2
606,2
6939,1
6653,0
5471,2
8037,1
8908,2
5581,1
2274,2
709,2
3013,0
6306,1
6891,1
3197,2
7134,2
4070,2
8543,2
4569,2
1396,2
6870,1
8164,2
182,1
7925,1
9490,2
5308,2
3838,1
3922,2
5899,2
3874,1
2211,2
2309,2
1991,2
5260,2
8938,0
4845,2
85,0
8680,2
7875,1
2680,2
5350,2
2844,2
5171,2
6023,2
2213,2
1438,2
2362,2
9352,1
6226,0
3158,2
5893,2
1378,2
4166,2
6176,0
8260,2
2778,2
4697,2
78,0
2729,2
8948,0
36,0
892,0
7614,2
192,1
4134,2
5441,2
782,0
4586,2
4974,2
5870,2
9255,1
2555,2
253,1
9531,2
5996,2
717,2
4821,2
1180,2
5491,2
151,1
6045,2
4232,2
2159,2
8806,2
6074,2
5845,2
1156,2
5268,2
5953,2
2698,2
3811,1
1933,2
2156,2
4450,2
2940,0
2295,2
8569,2
810,0
6437,2
2635,2
9465,1
8570,2
6095,2
6282,0
4975,2
3535,1
1449,2
7457,2
779,0
8710,2
7961,1
2107,2
2735,2
6801,1
4655,2
7112,2
3019,0
110,0
6634,0
6253,0
7265,2
6418,1
8187,2
8899,2
1469,2
8090,1
6832,1
6100,2
5391,2
1002,1
7745,0
9067,0
7930,1
5066,2
5117,2
9345,1
7894,1
3325,0
237,1
5604,1
3808,0
1297,2
7789,0
1272,2
5909,2
370,2
6019,2
8311,2
917,1
7900,1
368,2
1545,2
5846,2
5987,2
6111,2
3688,2
3071,1
1608,2
8483,2
1242,2
7417,2
9076,0
2146,2
1421,2
1248,2
3035,0
1302,2
6238,0
8587,2
9496,2
2620,2
7566,2
1757,2
730,2
4771,2
6679,0
4219,2
2866,2
477,2
3803,0
4111,2
7891,1
223,1
5700,2
1783,2
4115,2
3336,0
8506,2
1411,2
5494,2
6917,1
2187,2
9073,0
4416,2
7467,2
2192,2
6508,2
183,1
7801,1
7402,2
4714,2
7781,0
3635,0
3679,1
1432,2
6739,0
4112,2
6713,0
2249,2
1403,2
5504,2
8444,2
7584,2
124,0
1614,2
1585,2
5941,2
9,0
7003,2
7851,1
1995,2
9454,1
2558,2
1114,2
6223,0
3401,1
5510,2
7920,1
1401,2
1001,1
5457,2
1612,2
4084,2
7709,0
7320,2
2090,0
1953,2
3989,2
5208,2
2876,2
6177,0
243,1
159,1
1456,2
922,1
5041,2
7239,2
1491,2
9265,1
9200,1
9203,1
5730,0
1704,2
6688,0
4912,2
7927,1
8822,2
7697,0
5854,2
5862,2
6534,2
1036,1
5189,2
580,2
7545,2
7194,2
7885,1
4989,2
2794,2
5514,2
6141,2
7337,2
4923,2
1144,2
8091,1
3671,1
5383,2
4365,2
8127,1
8642,2
6160,0
4348,2
1655,2
722,2
5677,2
4770,2
6594,2
5256,2
3950,2
9429,1
5976,2
168,1
7344,2
5833,2
3559,2
7251,2
1118,2
790,0
8802,2
5977,2
3160,2
7671,0
0,0
1099,2
9036,0
3737,0
7793,0
9291,1
879,0
8354,2
3273,0
8304,2
8001,1
4803,2
9211,1
8930,2
152,1
3758,0
4635,2
3996,2
1338,2
2073,2
1770,2
3486,1
3304,0
5071,2
3475,1
1637,2
797,0
3952,2
4907,2
8673,2
3809,0
1450,2
9483,2
3168,2
4325,2
7371,2
5872,2
4526,2
5875,2
4017,2
2336,2
7657,2
8567,2
2152,2
5694,2
5203,2
1857,2
4024,2
2343,2
788,0
1524,2
5393,2
6159,0
423,1
8176,2
4707,2
5382,2
9297,1
8177,2
308,1
354,1
8087,1
374,2
2226,0
302,1
7573,2
2733,2
2870,2
8742,2
1595,2
143,1
363,2
1215,2
6485,2
1747,2
5296,2
7227,2
7506,2
4171,2
8763,2
5221,2
299,1
3954,2
3566,2
7380,2
4214,2
1416,2
3027,0
3712,0
872,0
7677,0
5118,2
261,1
7253,2
148,1
6374,1
3104,1
5467,2
8624,2
3929,2
1152,2
7279,2
7355,2
6194,0
7223,2
7048,2
5170,2
8839,2
873,0
8109,1
1305,2
7836,1
4409,2
3994,2
745,2
754,0
9323,1
725,2
1153,2
1954,2
8048,1
2537,2
6272,0
6766,1
1973,2
6820,1
5779,0
6740,0
2982,0
1864,2
9458,1
6671,0
1626,2
7773,0
2001,2
4491,2
6666,0
8746,2
7950,1
7171,2
4575,2
2273,2
2963,0
8778,2
2448,2
856,0
1779,2
1557,2
1439,2
7714,0
7440,2
6243,0
3812,1
2520,2
1436,2
7738,0
3352,0
6588,2
2615,2
3288,0
1392,2
5826,1
983,1
5882,2
5575,0
3318,0
8574,2
1887,2
1721,2
3859,1
7918,1
7908,1
3153,2
3192,2
9196,1
296,1
2913,2
4747,2
8723,2
8983,0
7125,2
2296,2
5453,2
1492,2
1711,2
6125,2
9165,1
3362,1
4399,2
9032,0
1155,2
4549,2
6199,0
2691,2
4680,2
4293,2
6185,0
3886,2
721,2
8414,2
4894,2
4530,2
2535,2
6041,2
536,2
8113,1
1330,2
7840,1
1811,2
5360,2
5569,0
3847,1
4507,2
5967,2
5501,2
8652,2
9392,1
4389,2
314,1
6307,1
4742,2
553,2
7266,2
2568,2
2297,2
2716,2
1451,2
5820,1
467,2
1542,2
6496,2
4725,2
385,2
6608,2
93,0
4273,2
3918,2
6784,1
2224,0
1774,2
3510,1
9047,0
2035,2
5238,2
9488,2
1902,2
1525,2
5836,2
9359,1
4234,2
4758,2
3238,2
6922,1
2039,2
4854,2
2147,2
8525,2
9054,0
3121,2
1515,2
9225,1
9025,0
406,0
3631,0
280,1
2290,2
6072,2
8937,0
4867,2
4258,2
4606,2
2770,2
7442,2
4875,2
8218,2
5096,2
4629,2
777,0
8078,1
3418,1
313,1
7395,2
290,1
9530,2
6241,0
9080,0
3715,0
7529,2
5828,2
9478,2
5603,1
3625,2
1102,2
4480,2
3222,2
460,2
7674,0
5561,0
5407,2
2484,2
8561,2
726,2
3012,0
4999,2
6750,0
2720,2
7713,0
9102,0
5998,2
1826,2
4493,2
9151,1
7687,0
7476,2
1361,2
8718,2
6330,1
6645,0
4317,2
8325,2
5466,2
8649,2
6001,2
5688,2
7242,2
7341,2
4390,2
5716,2
2371,2
81,0
5251,2
2046,2
3299,0
9331,1
6450,2
5696,2
7247,2
9312,1
6639,0
6305,1
6381,1
1979,2
5960,2
471,2
2427,2
332,1
1827,2
3491,1
1482,2
8629,2
7096,2
3131,2
8995,0
6154,2
7249,2
454,2
8430,2
8073,1
260,1
184,1
2878,2
6908,1
8239,2
9066,0
4525,2
3832,1
6915,1
7244,2
3048,1
505,2
2930,0
3946,2
7356,2
4320,2
6586,2
7264,2
4712,2
1327,2
3444,1
749,2
6564,2
993,1
2501,2
4672,2
3568,2
9313,1
5931,2
495,2
7914,1
7231,2
748,2
2695,2
1832,2
6583,2
5257,2
6318,1
9210,1
4666,2
2353,2
1977,2
4914,2
8207,2
334,1
7915,1
1789,2
8809,2
3122,2
2888,2
4055,2
5265,2
2514,2
1091,2
9041,0
3623,2
6946,1
2193,2
102,0
7456,2
4295,2
2581,2
9412,1
8440,2
3115,1
8030,1
8276,2
3394,1
7261,2
6353,1
5480,2
9006,0
4032,2
3348,0
6776,1
4422,2
1178,2
1698,2
614,2
8956,0
1119,2
6358,1
2087,0
9042,0
6044,2
1506,2
5043,2
4940,2
2769,2
3253,0
3958,2
1427,2
5289,2
4371,2
5879,2
2989,0
2674,2
1662,2
7941,1
617,2
9232,1
1934,2
161,1
3051,1
5206,2
4812,2
5785,0
5079,2
3081,1
8509,2
3895,2
651,2
5928,2
1041,1
1349,2
8257,2
2237,1
9473,1
4792,2
2928,2
6188,0
751,0
3129,2
149,1
6032,2
3993,2
4969,2
4229,2
1943,2
1047,1
3130,2
4201,2
8607,2
5405,2
1907,2
9110,0
9377,1
7807,1
7694,0
7386,2
3588,2
4220,2
6454,2
1762,2
9172,1
3840,1
4701,2
176,1
6702,0
2496,2
4600,2
7750,0
9416,1
9288,1
307,1
7093,2
8326,2
8755,2
7815,1
1908,2
6909,1
6254,0
2261,2
4373,2
2328,2
8552,2
7701,0
8975,0
7803,1
7404,2
2584,2
8175,2
8745,2
6811,1
3342,0
8491,2
9540,2
8644,2
4072,2
9219,1
2727,2
94,0
5570,0
2855,2
1076,2
7410,2
2834,2
323,1
926,1
9029,0
3644,0
5397,2
5951,2
171,1
3966,2
3008,0
1133,2
5643,2
3887,2
1932,2
7957,1
5689,2
4038,2
1644,2
126,1
2946,0
2115,2
1988,2
3377,1
7486,1
1365,2
538,2
995,1
24,0
407,0
3531,1
8830,2
4253,2
9296,1
6137,2
8374,2
5259,2
7254,2
1679,2
4654,2
920,1
1822,2
2276,2
1767,2
8549,2
8971,0
4573,2
5492,2
9206,1
8086,1
2251,2
7466,2
2630,2
9020,0
1170,2
2912,2
3507,1
8217,2
8790,2
9191,1
2260,2
885,0
8226,2
4186,2
2047,2
6652,0
4264,2
2327,2
8903,2
5028,2
9468,1
6617,0
5468,2
3707,0
2768,2
4977,2
3210,2
7045,2
9475,2
213,1
6468,2
8120,1
2747,2
3088,1
4452,2
3925,2
7739,0
5286,2
2091,0
1578,2
1682,2
2690,2
7317,2
1412,2
4083,2
9537,2
4657,2
7303,2
252,1
707,2
9409,1
4862,2
5810,1
579,2
687,2
6550,2
9489,2
5866,2
6453,2
8000,1
1239,2
7293,2
8443,2
2248,2
7066,2
1507,2
7818,1
8609,2
8858,2
1448,2
200,1
5646,2
961,1
2114,2
5087,2
4710,2
1893,2
8383,2
4816,2
7640,2
7158,2
8020,1
3429,1
9002,0
2123,2
90,0
3518,1
8702,2
9250,1
7934,1
7556,2
5392,2
5057,2
8277,2
3608,2
9450,1
114,0
2207,2
1149,2
1917,2
6616,0
3470,1
7165,2
8468,2
388,2
8041,1
5365,2
5907,2
6875,1
2979,0
7912,1
7926,1
9419,1
6244,0
1667,2
8952,0
5807,1
6818,1
2182,2
7298,2
219,1
9351,1
5081,2
7646,2
7174,2
2710,2
6135,2
5593,1
4987,2
3055,1
8192,2
775,0
2373,2
2628,2
8361,2
5493,2
1628,2
3407,1
7916,1
6732,0
1664,2
8719,2
198,1
8449,2
3324,0
2552,2
4199,2
35,0
2445,2
3301,0
7418,2
8576,2
6439,2
4116,2
3449,1
89,0
1022,1
3329,0
2621,2
4170,2
5568,0
8542,2
627,2
3524,1
5831,2
7778,0
8923,2
6376,1
3850,1
8147,2
4984,2
5722,0
6386,1
3515,1
526,2
5283,2
6717,0
5277,2
5546,2
3682,1
5945,2
7785,0
5455,2
7143,2
3110,1
4445,2
4261,2
8074,1
7041,2
7939,1
9240,1
3602,2
733,2
1085,2
1053,1
4601,2
1243,2
3940,2
6781,1
1278,2
7284,2
3614,2
2580,2
6328,1
6910,1
145,1
1729,2
8097,1
3199,2
6627,0
1032,1
6184,0
1634,2
7764,0
4350,2
3663,1
3757,0
4197,2
7381,2
2283,2
3191,2
429,1
1845,2
7878,1
3485,1
1684,2
4580,2
9283,1
9097,0
7037,2
5361,2
8188,2
6920,1
4469,2
2601,2
6648,0
3579,2
3975,2
6073,2
1558,2
8739,2
5657,2
8059,1
4137,2
1363,2
7098,2
933,1
4609,2
7798,1
6234,0
9358,1
2422,2
5588,1
9130,1
5937,2
8933,2
5179,2
6171,0
5217,2
5803,1
5670,2
2357,2
7624,2
5032,2
2634,2
2917,2
8614,2
2722,2
2721,2
4071,2
3476,1
4218,2
2307,2
8537,2
2761,2
2791,2
5054,2
1418,2
540,2
8754,2
3399,1
6382,1
4049,2
4965,2
190,1
1986,2
1769,2
1211,2
4036,2
8163,2
4160,2
3558,2
7173,2
4411,2
1676,2
5932,2
33,0
2167,2
5406,2
4490,2
654,2
3504,1
1894,2
3759,0
7705,0
8564,2
641,2
831,0
5090,2
3226,2
2897,2
4391,2
265,1
3295,0
5892,2
5566,0
2048,2
4163,2
6010,2
8456,2
2188,2
4148,2
4827,2
2449,2
150,1
5830,2
710,2
2263,2
8013,1
692,2
711,2
1038,1
5076,2
4386,2
3235,2
3424,1
2860,2
9213,1
3099,1
4814,2
680,2
888,0
781,0
6004,2
2185,2
5683,2
6574,2
9365,1
3435,1
8674,2
4684,2
7068,2
8803,2
6633,0
1284,2
4262,2
4896,2
9379,1
5512,2
4811,2
5813,1
3647,0
6511,2
7817,1
7719,0
5702,2
3805,0
3241,2
7123,2
1528,2
9534,2
8149,2
8501,2
6709,0
3343,0
1924,2
1467,2
677,2
4603,2
3085,1
1899,2
3953,2
2539,2
8874,2
4947,2
3305,0
7585,2
8865,2
8996,0
6036,2
4764,2
8891,2
4717,2
2950,0
5817,1
5517,2
3821,1
463,2
5020,2
5166,2
3097,1
3743,0
4834,2
356,1
3002,0
1559,2
6893,1
6600,2
2209,2
3147,2
6787,1
7720,0
8922,2
7548,2
8431,2
3522,1
6580,2
7287,2
8151,2
320,1
659,2
7597,2
861,0
4267,2
4086,2
2083,2
3003,0
4161,2
1147,2
9194,1
2450,2
47,0
2516,2
5195,2
1692,2
3442,1
3494,1
8422,2
8807,2
5652,2
6278,0
1782,2
2843,2
1948,2
138,1
6559,2
2430,2
6520,2
8287,2
2637,2
4702,2
4241,2
1651,2
8291,2
8075,1
8481,2
5718,0
6120,2
1707,2
5212,2
8924,2
621,2
3206,2
3785,0
5739,0
9485,2
3650,0
2312,2
7113,0
2498,2
3848,1
3180,2
9111,0
5214,2
7562,2
6974,2
763,0
225,1
357,1
3314,0
4125,2
4596,2
5247,2
1650,2
5980,2
6953,1
6015,2
6021,2
954,1
5849,2
1937,2
3300,0
9449,1
1992,2
2474,1
598,2
6325,1
1244,2
6497,2
7270,2
2660,2
486,2
5669,2
4623,2
684,2
3249,0
3826,1
2452,0
4890,2
4479,2
2151,2
2569,2
2492,2
2938,0
1487,2
2865,2
256,1
3501,1
6420,1
4932,2
6715,0
1741,2
5426,2
7526,2
5331,2
3571,2
8436,2
6537,2
4519,2
5887,2
6462,2
1018,1
7054,2
7030,2
8589,2
4640,2
2836,2
9463,1
8397,2
6183,0
1632,2
1660,2
2922,2
2610,2
7808,1
4277,2
9466,1
2739,2
5003,2
2346,2
208,1
5591,1
2972,0
5776,0
2943,0
418,0
175,1
2168,2
1871,2
7899,1
4349,2
3445,1
8143,2
7520,2
9521,2
5156,2
8060,1
353,1
4501,2
2197,2
1876,2
5235,2
871,0
3149,2
5578,1
6124,2
9096,0
3988,2
1715,2
284,1
907,0
8720,2
2113,2
2627,2
6218,0
8229,2
6973,1
5337,2
6127,2
6279,0
7481,0
1768,2
8753,2
7152,2
3123,2
4159,2
8696,2
54,0
6518,2
1714,2
1318,2
5717,0
4506,2
3578,2
7379,2
6838,1
4916,2
4384,2
5632,2
8974,0
5547,2
7246,2
2289,2
2042,2
1050,1
2332,2
783,0
4724,2
7280,2
7942,1
894,0
5107,2
2868,2
9243,1
1793,2
7065,2
1335,2
8946,0
5485,2
7430,2
7607,2
9071,0
251,1
6136,2
5663,2
613,2
4715,2
3742,0
1172,2
8590,2
3513,1
1923,2
2063,2
1519,2
6059,2
4898,2
9524,2
2744,2
2022,2
6631,0
3259,0
3775,0
708,2
1086,2
1325,2
6483,2
6935,1
8299,2
8713,2
4126,2
6153,2
4235,2
5530,2
3561,2
1836,2
1903,2
1291,2
8684,2
1576,2
9304,1
5390,2
8917,2
8664,2
4243,2
2945,0
6009,2
6960,1
4221,2
7301,2
5618,1
4339,2
7983,1
5368,2
7663,2
3768,0
3748,0
648,2
3930,2
1461,2
1926,2
1430,2
4739,2
9532,2
7938,1
5110,2
1888,2
7392,2
6988,2
6546,2
5121,2
4699,2
866,0
2177,2
8869,2
2183,2
1963,2
3303,0
2025,2
2416,2
796,0
3388,1
4852,2
802,0
6856,1
3455,1
670,2
7752,0
6283,0
461,2
6311,1
9403,1
156,1
2003,2
7118,2
4203,2
3072,1
2285,2
3902,2
7399,2
6377,1
6747,0
7963,1
4228,2
5894,2
6622,0
3350,0
2528,2
7659,2
7323,2
8373,2
2092,0
2304,2
8026,1
6397,1
5597,1
3628,2
4282,2
4756,2
2436,2
1329,2
7144,2
6834,1
2195,2
7552,2
1062,1
2905,2
5101,2
1347,2
140,1
7954,1
6761,0
3655,0
948,1
9114,0
1270,2
5857,2
6609,2
4343,2
6514,2
7271,2
32,0
5780,0
2036,2
1947,2
6369,1
3148,2
4431,2
6323,1
206,1
7600,2
7228,2
3609,2
7901,1
8403,2
3777,0
5599,1
7398,2
5402,2
2821,2
2662,2
2277,2
2636,2
3763,0
5201,2
8522,2
1139,2
4683,2
2431,2
9497,2
977,1
3353,0
2208,2
5008,2
9274,1
3898,2
325,1
2433,2
9316,1
3211,2
8429,2
4899,2
5428,2
5415,2
2588,2
1009,1
3548,1
4213,2
2777,2
4577,2
5763,0
1415,2
6755,0
7175,2
4057,2
5310,2
5144,2
4021,2
8460,2
4379,2
9526,2
4607,2
2132,2
4237,2
3744,0
2395,2
6123,2
9397,1
1475,2
3489,1
2755,2
9254,1
8337,2
4967,2
1210,2
3601,2
8407,2
3830,1
1772,2
6121,2
7652,2
7075,2
8293,2
4622,2
1068,1
6413,1
2434,2
992,1
3610,2
4420,2
9269,1
4902,2
4212,2
7924,1
2510,2
2160,2
3010,0
4467,2
2216,2
1299,2
7496,2
829,0
8560,2
2955,0
8705,2
6056,2
288,1
8165,2
2293,2
2807,2
704,2
990,1
4362,2
7664,2
